[
  {
    "_id": "54cbfe65407d7d86e5008b8e",
    "index": 0,
    "guid": "6c328e5d-e70e-4ca1-9b15-f3365c943982",
    "isActive": true,
    "balance": "$1,029.82",
    "picture": "http://placehold.it/32x32",
    "age": 37,
    "eyeColor": "brown",
    "name": {
      "first": "Warren",
      "last": "Anthony"
    },
    "company": "INFOTRIPS",
    "email": "warren.anthony@infotrips.tv",
    "phone": "+1 (983) 437-2065",
    "address": "822 Hyman Court, Sedley, Maine, 7051",
    "about": "Sunt deserunt aliquip esse commodo dolore ea ea magna eiusmod amet ut nisi consectetur. Est est do in do sint qui. In elit velit enim fugiat veniam enim ad reprehenderit duis sit. Minim esse in ex eiusmod ut. Pariatur ut aliqua deserunt officia.\r\n",
    "registered": "Friday, January 9, 2015 2:46 AM",
    "latitude": 23.989872,
    "longitude": -96.425103,
    "tags": [
      "labore",
      "commodo",
      "aliqua",
      "minim",
      "eu",
      "ipsum",
      "do"
    ],
    "range": [
      0,
      1,
      2,
      3,
      4,
      5,
      6,
      7,
      8,
      9
    ],
    "friends": [
      {
        "id": 0,
        "name": "Amparo Fuller"
      },
      {
        "id": 1,
        "name": "Blanca Watson"
      },
      {
        "id": 2,
        "name": "Sheila Head"
      }
    ],
    "greeting": "Hello, Warren! You have 9 unread messages.",
    "favoriteFruit": "strawberry"
  },
  {
    "_id": "54cbfe654b5ad80122061fd5",
    "index": 1,
    "guid": "f7c29ae6-1b88-4c19-9e2b-6eaac11d8ded",
    "isActive": true,
    "balance": "$3,518.26",
    "picture": "http://placehold.it/32x32",
    "age": 32,
    "eyeColor": "brown",
    "name": {
      "first": "Pansy",
      "last": "Pearson"
    },
    "company": "EXTRAGEN",
    "email": "pansy.pearson@extragen.biz",
    "phone": "+1 (863) 529-3299",
    "address": "357 Hampton Place, Cataract, Michigan, 9672",
    "about": "Elit aute enim incididunt enim consectetur do aliquip cillum excepteur eiusmod eu elit. Ut dolore voluptate pariatur deserunt veniam in labore sit nisi adipisicing tempor tempor excepteur officia. Cillum aliquip exercitation in velit veniam ad ex sit laborum laborum fugiat nulla labore ea. Ex voluptate veniam commodo cupidatat amet ullamco nulla adipisicing. Ad et quis sunt adipisicing eu fugiat deserunt elit quis laboris veniam fugiat aliqua cillum.\r\n",
    "registered": "Friday, September 26, 2014 11:34 AM",
    "latitude": -32.334913,
    "longitude": -50.966255,
    "tags": [
      "pariatur",
      "aliquip",
      "sint",
      "cillum",
      "eiusmod",
      "veniam",
      "anim"
    ],
    "range": [
      0,
      1,
      2,
      3,
      4,
      5,
      6,
      7,
      8,
      9
    ],
    "friends": [
      {
        "id": 0,
        "name": "Clements Faulkner"
      },
      {
        "id": 1,
        "name": "Benjamin Walker"
      },
      {
        "id": 2,
        "name": "Long Perry"
      }
    ],
    "greeting": "Hello, Pansy! You have 5 unread messages.",
    "favoriteFruit": "banana"
  },
  {
    "_id": "54cbfe65fd1690f695bea4d5",
    "index": 2,
    "guid": "d92ca5cc-16cb-4b4b-b7ef-ddd11273c437",
    "isActive": false,
    "balance": "$3,096.41",
    "picture": "http://placehold.it/32x32",
    "age": 31,
    "eyeColor": "blue",
    "name": {
      "first": "Buckley",
      "last": "Bauer"
    },
    "company": "CALCULA",
    "email": "buckley.bauer@calcula.net",
    "phone": "+1 (902) 401-3284",
    "address": "427 Bennet Court, Makena, Vermont, 7013",
    "about": "Minim do aliqua aliqua mollit consequat eu. Elit est minim id tempor adipisicing nostrud. Eiusmod velit occaecat dolore eu sint ex sunt do dolore exercitation cillum. Dolor tempor sit qui eu velit occaecat dolor pariatur veniam nulla Lorem ipsum magna magna.\r\n",
    "registered": "Thursday, November 6, 2014 10:57 PM",
    "latitude": -70.927766,
    "longitude": 37.760023,
    "tags": [
      "mollit",
      "in",
      "ullamco",
      "deserunt",
      "proident",
      "do",
      "ut"
    ],
    "range": [
      0,
      1,
      2,
      3,
      4,
      5,
      6,
      7,
      8,
      9
    ],
    "friends": [
      {
        "id": 0,
        "name": "Madeline Curtis"
      },
      {
        "id": 1,
        "name": "Blackburn Myers"
      },
      {
        "id": 2,
        "name": "Mason Clark"
      }
    ],
    "greeting": "Hello, Buckley! You have 10 unread messages.",
    "favoriteFruit": "strawberry"
  },
  {
    "_id": "54cbfe653b767b551646593b",
    "index": 3,
    "guid": "322561ba-eb54-4b91-bb09-0da9ff8ece78",
    "isActive": false,
    "balance": "$1,851.84",
    "picture": "http://placehold.it/32x32",
    "age": 23,
    "eyeColor": "blue",
    "name": {
      "first": "Finch",
      "last": "Strong"
    },
    "company": "OPTICON",
    "email": "finch.strong@opticon.biz",
    "phone": "+1 (882) 550-3313",
    "address": "404 Pierrepont Place, Indio, Missouri, 8136",
    "about": "Lorem irure occaecat incididunt id ut excepteur sint minim qui incididunt anim ut eu incididunt. Consequat incididunt aliqua sint minim tempor elit adipisicing irure minim in ea veniam qui nostrud. Elit fugiat nisi duis adipisicing irure consequat sint fugiat deserunt velit anim est. Officia sint eu et proident officia cillum nulla sit non cillum dolore tempor fugiat culpa. Ea aliquip qui consectetur ullamco. Amet ea elit fugiat elit officia. Laboris nisi id proident consectetur anim esse dolor tempor consectetur ea.\r\n",
    "registered": "Monday, May 5, 2014 1:00 PM",
    "latitude": 15.959176,
    "longitude": -26.219477,
    "tags": [
      "adipisicing",
      "elit",
      "amet",
      "sint",
      "pariatur",
      "consequat",
      "quis"
    ],
    "range": [
      0,
      1,
      2,
      3,
      4,
      5,
      6,
      7,
      8,
      9
    ],
    "friends": [
      {
        "id": 0,
        "name": "Deloris Stevens"
      },
      {
        "id": 1,
        "name": "Morrow Cooley"
      },
      {
        "id": 2,
        "name": "Silvia Estrada"
      }
    ],
    "greeting": "Hello, Finch! You have 7 unread messages.",
    "favoriteFruit": "apple"
  },
  {
    "_id": "54cbfe651fb742705658b6a7",
    "index": 4,
    "guid": "57f66b0f-ca3f-4b15-b516-013b080c069e",
    "isActive": false,
    "balance": "$3,292.12",
    "picture": "http://placehold.it/32x32",
    "age": 22,
    "eyeColor": "green",
    "name": {
      "first": "Lynda",
      "last": "Kelly"
    },
    "company": "ZILLACOM",
    "email": "lynda.kelly@zillacom.info",
    "phone": "+1 (832) 591-3246",
    "address": "584 Baycliff Terrace, Muse, Nevada, 2675",
    "about": "Lorem cillum pariatur nostrud adipisicing dolore incididunt. Sint dolore velit irure quis adipisicing tempor ipsum sunt consequat ex do commodo non. Ut eu enim aliquip enim aliqua irure in ut quis sit ut.\r\n",
    "registered": "Friday, October 31, 2014 4:36 PM",
    "latitude": -56.254177,
    "longitude": 82.44352,
    "tags": [
      "ad",
      "nostrud",
      "quis",
      "ipsum",
      "consequat",
      "velit",
      "sit"
    ],
    "range": [
      0,
      1,
      2,
      3,
      4,
      5,
      6,
      7,
      8,
      9
    ],
    "friends": [
      {
        "id": 0,
        "name": "Blanche Peterson"
      },
      {
        "id": 1,
        "name": "Henson Rodriguez"
      },
      {
        "id": 2,
        "name": "Colleen Cortez"
      }
    ],
    "greeting": "Hello, Lynda! You have 5 unread messages.",
    "favoriteFruit": "apple"
  },
  {
    "_id": "54cbfe65ff9e1e485ab70c3f",
    "index": 5,
    "guid": "71c20eab-6e0e-4a90-8c80-5e23954d3271",
    "isActive": false,
    "balance": "$3,330.88",
    "picture": "http://placehold.it/32x32",
    "age": 34,
    "eyeColor": "brown",
    "name": {
      "first": "Vonda",
      "last": "Mcguire"
    },
    "company": "UBERLUX",
    "email": "vonda.mcguire@uberlux.ca",
    "phone": "+1 (878) 555-2744",
    "address": "698 Chestnut Street, Nipinnawasee, West Virginia, 7790",
    "about": "Ad quis non nisi nulla Lorem sit ipsum ea elit ullamco velit fugiat ullamco. Sit sint exercitation ad non. Veniam incididunt et Lorem velit excepteur fugiat reprehenderit. Voluptate ut tempor aliqua occaecat officia exercitation elit elit sunt velit culpa magna consectetur nostrud. Est eiusmod laboris magna non nostrud mollit fugiat magna labore excepteur laboris aute consequat eiusmod. Cillum velit exercitation exercitation qui laboris veniam nulla.\r\n",
    "registered": "Thursday, June 5, 2014 6:27 PM",
    "latitude": -36.792235,
    "longitude": 64.082472,
    "tags": [
      "enim",
      "sint",
      "ad",
      "commodo",
      "adipisicing",
      "reprehenderit",
      "in"
    ],
    "range": [
      0,
      1,
      2,
      3,
      4,
      5,
      6,
      7,
      8,
      9
    ],
    "friends": [
      {
        "id": 0,
        "name": "Dale Guy"
      },
      {
        "id": 1,
        "name": "Christensen Poole"
      },
      {
        "id": 2,
        "name": "Vickie Butler"
      }
    ],
    "greeting": "Hello, Vonda! You have 6 unread messages.",
    "favoriteFruit": "banana"
  },
  {
    "_id": "54cbfe6564af1d38abc217c3",
    "index": 6,
    "guid": "219f6da9-1b1f-494e-a203-de36bacf5e3d",
    "isActive": false,
    "balance": "$1,380.16",
    "picture": "http://placehold.it/32x32",
    "age": 33,
    "eyeColor": "green",
    "name": {
      "first": "Chaney",
      "last": "Jacobs"
    },
    "company": "ZEROLOGY",
    "email": "chaney.jacobs@zerology.co.uk",
    "phone": "+1 (971) 546-3492",
    "address": "253 Ovington Court, Bath, Massachusetts, 3552",
    "about": "Esse quis laborum voluptate sit excepteur sint tempor consectetur mollit. Laboris minim labore consequat elit deserunt ullamco ad est. Nostrud incididunt id laborum dolore aliqua proident consequat quis cillum. Voluptate quis commodo est sunt.\r\n",
    "registered": "Thursday, November 20, 2014 10:16 PM",
    "latitude": 48.221051,
    "longitude": -67.23117,
    "tags": [
      "Lorem",
      "deserunt",
      "do",
      "non",
      "dolor",
      "non",
      "ea"
    ],
    "range": [
      0,
      1,
      2,
      3,
      4,
      5,
      6,
      7,
      8,
      9
    ],
    "friends": [
      {
        "id": 0,
        "name": "Lynn Pace"
      },
      {
        "id": 1,
        "name": "Therese Irwin"
      },
      {
        "id": 2,
        "name": "Morton Kramer"
      }
    ],
    "greeting": "Hello, Chaney! You have 7 unread messages.",
    "favoriteFruit": "strawberry"
  },
  {
    "_id": "54cbfe659b410893e81ea273",
    "index": 7,
    "guid": "927ef34c-e562-4283-aecd-4a9d7e003253",
    "isActive": true,
    "balance": "$1,496.26",
    "picture": "http://placehold.it/32x32",
    "age": 37,
    "eyeColor": "green",
    "name": {
      "first": "Barber",
      "last": "Nicholson"
    },
    "company": "EPLODE",
    "email": "barber.nicholson@eplode.io",
    "phone": "+1 (832) 428-2042",
    "address": "979 Hamilton Avenue, Longbranch, Florida, 2183",
    "about": "Occaecat culpa non mollit aliqua. Consequat ex et laboris pariatur quis sunt ex sit aliquip. Ullamco velit irure velit elit elit magna ipsum fugiat nulla cupidatat magna. Elit duis nisi amet incididunt. Elit veniam deserunt dolor laborum sint proident voluptate do sit nostrud est fugiat minim. Magna minim sit pariatur labore laboris. Consectetur voluptate consectetur duis sunt cupidatat magna sunt duis.\r\n",
    "registered": "Sunday, January 12, 2014 1:13 AM",
    "latitude": -35.651569,
    "longitude": -101.509085,
    "tags": [
      "reprehenderit",
      "elit",
      "irure",
      "incididunt",
      "ipsum",
      "occaecat",
      "commodo"
    ],
    "range": [
      0,
      1,
      2,
      3,
      4,
      5,
      6,
      7,
      8,
      9
    ],
    "friends": [
      {
        "id": 0,
        "name": "Camacho Horne"
      },
      {
        "id": 1,
        "name": "Jewell Bradford"
      },
      {
        "id": 2,
        "name": "Kristen Baker"
      }
    ],
    "greeting": "Hello, Barber! You have 9 unread messages.",
    "favoriteFruit": "banana"
  },
  {
    "_id": "54cbfe659dc88a43926e58af",
    "index": 8,
    "guid": "45c20612-57f4-41fb-a000-649a0f993703",
    "isActive": false,
    "balance": "$1,090.83",
    "picture": "http://placehold.it/32x32",
    "age": 38,
    "eyeColor": "green",
    "name": {
      "first": "Duran",
      "last": "Blanchard"
    },
    "company": "SOFTMICRO",
    "email": "duran.blanchard@softmicro.org",
    "phone": "+1 (813) 424-2812",
    "address": "234 Will Place, Downsville, Iowa, 9309",
    "about": "Et voluptate proident et laboris laborum consequat esse sit minim laborum eiusmod ullamco. Mollit Lorem exercitation velit nisi. Nulla irure excepteur labore id labore id cupidatat cupidatat laborum ut deserunt nulla.\r\n",
    "registered": "Sunday, October 19, 2014 10:00 AM",
    "latitude": -39.745861,
    "longitude": 18.083106,
    "tags": [
      "aliquip",
      "eiusmod",
      "dolor",
      "nisi",
      "pariatur",
      "quis",
      "aliquip"
    ],
    "range": [
      0,
      1,
      2,
      3,
      4,
      5,
      6,
      7,
      8,
      9
    ],
    "friends": [
      {
        "id": 0,
        "name": "Bethany Wooten"
      },
      {
        "id": 1,
        "name": "Massey Hatfield"
      },
      {
        "id": 2,
        "name": "Jaime Coleman"
      }
    ],
    "greeting": "Hello, Duran! You have 10 unread messages.",
    "favoriteFruit": "apple"
  },
  {
    "_id": "54cbfe65b3cc791e243b5a27",
    "index": 9,
    "guid": "6444e176-e611-4e2a-a12b-0d73c5519864",
    "isActive": true,
    "balance": "$3,354.33",
    "picture": "http://placehold.it/32x32",
    "age": 35,
    "eyeColor": "brown",
    "name": {
      "first": "Richards",
      "last": "Vasquez"
    },
    "company": "RODEOMAD",
    "email": "richards.vasquez@rodeomad.us",
    "phone": "+1 (987) 529-2268",
    "address": "998 Clark Street, Lumberton, New Jersey, 871",
    "about": "Ut aute deserunt enim eu reprehenderit consequat ut. Amet dolor eiusmod velit nisi ex esse labore eu dolore. Non nostrud laboris sunt qui sit irure consectetur labore occaecat id cillum cillum Lorem. Mollit enim consequat in voluptate amet laboris ut cupidatat pariatur sit.\r\n",
    "registered": "Monday, January 5, 2015 2:01 PM",
    "latitude": -2.685472,
    "longitude": -110.210816,
    "tags": [
      "consequat",
      "incididunt",
      "culpa",
      "adipisicing",
      "commodo",
      "minim",
      "nisi"
    ],
    "range": [
      0,
      1,
      2,
      3,
      4,
      5,
      6,
      7,
      8,
      9
    ],
    "friends": [
      {
        "id": 0,
        "name": "Cleveland Miller"
      },
      {
        "id": 1,
        "name": "Irwin Griffin"
      },
      {
        "id": 2,
        "name": "Sophia Cummings"
      }
    ],
    "greeting": "Hello, Richards! You have 10 unread messages.",
    "favoriteFruit": "apple"
  },
  {
    "_id": "54cbfe65a09148188c07317a",
    "index": 10,
    "guid": "16e26578-e818-4c3f-a5d4-558aef05490b",
    "isActive": true,
    "balance": "$1,705.13",
    "picture": "http://placehold.it/32x32",
    "age": 20,
    "eyeColor": "brown",
    "name": {
      "first": "Willie",
      "last": "Sweeney"
    },
    "company": "POLARAX",
    "email": "willie.sweeney@polarax.me",
    "phone": "+1 (903) 577-3102",
    "address": "170 Rodney Street, Sunbury, American Samoa, 3338",
    "about": "Nostrud est sint eiusmod do dolore. Mollit elit veniam aliquip irure nisi ut consequat laboris incididunt minim in adipisicing sunt esse. Labore nisi enim sint elit in qui id ipsum adipisicing reprehenderit. Labore amet sunt eu est commodo dolor.\r\n",
    "registered": "Thursday, January 1, 2015 3:26 PM",
    "latitude": 15.455959,
    "longitude": 1.049776,
    "tags": [
      "cupidatat",
      "nostrud",
      "et",
      "ex",
      "cupidatat",
      "proident",
      "in"
    ],
    "range": [
      0,
      1,
      2,
      3,
      4,
      5,
      6,
      7,
      8,
      9
    ],
    "friends": [
      {
        "id": 0,
        "name": "Hill Kaufman"
      },
      {
        "id": 1,
        "name": "Carter Johns"
      },
      {
        "id": 2,
        "name": "Solomon Black"
      }
    ],
    "greeting": "Hello, Willie! You have 9 unread messages.",
    "favoriteFruit": "apple"
  },
  {
    "_id": "54cbfe658536a7a05e537551",
    "index": 11,
    "guid": "e69fb5ff-d00b-410f-a035-f0da3699b670",
    "isActive": true,
    "balance": "$1,582.80",
    "picture": "http://placehold.it/32x32",
    "age": 37,
    "eyeColor": "brown",
    "name": {
      "first": "Dennis",
      "last": "Rivas"
    },
    "company": "MAGNINA",
    "email": "dennis.rivas@magnina.name",
    "phone": "+1 (814) 452-2741",
    "address": "404 Jay Street, Interlochen, Oregon, 4720",
    "about": "Tempor fugiat nostrud dolor quis mollit ad minim aliquip adipisicing. Fugiat irure nostrud incididunt est nisi adipisicing duis culpa anim voluptate sint in. Magna sit do nostrud est aute proident incididunt sunt quis id sit pariatur voluptate. Ad elit dolore consectetur culpa mollit qui aliqua nisi non non cupidatat.\r\n",
    "registered": "Wednesday, June 18, 2014 8:39 AM",
    "latitude": 58.457768,
    "longitude": 124.510375,
    "tags": [
      "mollit",
      "adipisicing",
      "aute",
      "fugiat",
      "reprehenderit",
      "labore",
      "deserunt"
    ],
    "range": [
      0,
      1,
      2,
      3,
      4,
      5,
      6,
      7,
      8,
      9
    ],
    "friends": [
      {
        "id": 0,
        "name": "Vargas Sampson"
      },
      {
        "id": 1,
        "name": "Craft Barr"
      },
      {
        "id": 2,
        "name": "Wendi Reyes"
      }
    ],
    "greeting": "Hello, Dennis! You have 5 unread messages.",
    "favoriteFruit": "apple"
  },
  {
    "_id": "54cbfe65af59339d3b3ad16a",
    "index": 12,
    "guid": "eed15c62-df2e-4a37-9ffc-3d40e59702bb",
    "isActive": true,
    "balance": "$2,149.96",
    "picture": "http://placehold.it/32x32",
    "age": 32,
    "eyeColor": "green",
    "name": {
      "first": "Juliette",
      "last": "Duran"
    },
    "company": "ISOLOGICA",
    "email": "juliette.duran@isologica.tv",
    "phone": "+1 (908) 490-2942",
    "address": "210 Pacific Street, Layhill, Palau, 1198",
    "about": "Fugiat adipisicing ut voluptate nostrud nulla eu. Occaecat in in pariatur consectetur occaecat. Fugiat irure aliquip Lorem velit ea tempor pariatur irure. Laboris excepteur in enim fugiat sit excepteur. Qui nisi non occaecat nisi dolore exercitation amet voluptate deserunt sunt aute reprehenderit. Enim ex ut quis duis id do laborum. Id id voluptate ullamco ex incididunt amet do voluptate irure adipisicing aute.\r\n",
    "registered": "Monday, April 21, 2014 8:22 AM",
    "latitude": -82.096131,
    "longitude": -29.62712,
    "tags": [
      "incididunt",
      "cupidatat",
      "deserunt",
      "ea",
      "labore",
      "dolore",
      "irure"
    ],
    "range": [
      0,
      1,
      2,
      3,
      4,
      5,
      6,
      7,
      8,
      9
    ],
    "friends": [
      {
        "id": 0,
        "name": "Carver Logan"
      },
      {
        "id": 1,
        "name": "Osborn Foreman"
      },
      {
        "id": 2,
        "name": "Elinor Dickson"
      }
    ],
    "greeting": "Hello, Juliette! You have 7 unread messages.",
    "favoriteFruit": "banana"
  },
  {
    "_id": "54cbfe65dfe1477af238363e",
    "index": 13,
    "guid": "d5faf727-f355-4671-8fb5-a4179da0e4e6",
    "isActive": false,
    "balance": "$2,926.18",
    "picture": "http://placehold.it/32x32",
    "age": 21,
    "eyeColor": "green",
    "name": {
      "first": "Leanne",
      "last": "Salas"
    },
    "company": "EXTREMO",
    "email": "leanne.salas@extremo.biz",
    "phone": "+1 (940) 410-2656",
    "address": "927 Caton Avenue, Retsof, Tennessee, 3219",
    "about": "Nostrud laborum labore voluptate veniam consectetur incididunt irure ex amet minim magna incididunt non id. Laborum mollit dolore mollit consequat officia. Est in ad non velit nulla. Consequat velit aliqua do commodo laborum irure eu anim adipisicing cupidatat elit. Eiusmod labore Lorem dolor amet voluptate incididunt consectetur duis cupidatat et est culpa ullamco. Aute enim Lorem deserunt nisi exercitation sunt excepteur consectetur consequat eiusmod eu velit nulla.\r\n",
    "registered": "Sunday, July 27, 2014 10:18 PM",
    "latitude": -33.393069,
    "longitude": -141.160716,
    "tags": [
      "consequat",
      "culpa",
      "non",
      "deserunt",
      "sit",
      "consequat",
      "veniam"
    ],
    "range": [
      0,
      1,
      2,
      3,
      4,
      5,
      6,
      7,
      8,
      9
    ],
    "friends": [
      {
        "id": 0,
        "name": "Giles Hampton"
      },
      {
        "id": 1,
        "name": "Adrienne Hayden"
      },
      {
        "id": 2,
        "name": "Pollard Acevedo"
      }
    ],
    "greeting": "Hello, Leanne! You have 10 unread messages.",
    "favoriteFruit": "apple"
  },
  {
    "_id": "54cbfe657bc126bcf234d554",
    "index": 14,
    "guid": "1333e5a9-1a1c-4c17-b928-6836f3e717a6",
    "isActive": true,
    "balance": "$1,359.41",
    "picture": "http://placehold.it/32x32",
    "age": 27,
    "eyeColor": "blue",
    "name": {
      "first": "Rhodes",
      "last": "Dotson"
    },
    "company": "XELEGYL",
    "email": "rhodes.dotson@xelegyl.net",
    "phone": "+1 (844) 493-3596",
    "address": "989 Mill Lane, Noblestown, Louisiana, 9874",
    "about": "Quis non velit sunt officia cillum aliquip commodo proident. Deserunt in eu nulla occaecat incididunt aliquip consequat ea sit cupidatat duis laborum ad. Et ullamco do nostrud aliqua aliquip.\r\n",
    "registered": "Thursday, May 29, 2014 3:46 PM",
    "latitude": -47.631347,
    "longitude": -134.485565,
    "tags": [
      "magna",
      "magna",
      "dolor",
      "commodo",
      "commodo",
      "mollit",
      "esse"
    ],
    "range": [
      0,
      1,
      2,
      3,
      4,
      5,
      6,
      7,
      8,
      9
    ],
    "friends": [
      {
        "id": 0,
        "name": "Watkins Bonner"
      },
      {
        "id": 1,
        "name": "Doreen Gross"
      },
      {
        "id": 2,
        "name": "Mcfadden Stafford"
      }
    ],
    "greeting": "Hello, Rhodes! You have 7 unread messages.",
    "favoriteFruit": "apple"
  },
  {
    "_id": "54cbfe653292f88a09a17c6c",
    "index": 15,
    "guid": "6b26dea0-b8f2-413b-9e1c-f424c287b140",
    "isActive": true,
    "balance": "$2,912.66",
    "picture": "http://placehold.it/32x32",
    "age": 33,
    "eyeColor": "brown",
    "name": {
      "first": "Guadalupe",
      "last": "Potts"
    },
    "company": "BEDLAM",
    "email": "guadalupe.potts@bedlam.biz",
    "phone": "+1 (998) 490-2462",
    "address": "504 Hubbard Street, Grill, Montana, 2992",
    "about": "Commodo nostrud magna ipsum amet esse est in ad. Anim veniam laborum pariatur officia reprehenderit. Nulla ullamco mollit occaecat occaecat officia ullamco qui exercitation minim eu. Minim consequat sint amet non dolor minim dolor amet esse dolor reprehenderit dolore. Quis voluptate excepteur est officia id cupidatat irure deserunt enim commodo irure fugiat.\r\n",
    "registered": "Friday, October 3, 2014 11:30 PM",
    "latitude": 52.149185,
    "longitude": 44.941345,
    "tags": [
      "in",
      "Lorem",
      "elit",
      "laboris",
      "ipsum",
      "nostrud",
      "est"
    ],
    "range": [
      0,
      1,
      2,
      3,
      4,
      5,
      6,
      7,
      8,
      9
    ],
    "friends": [
      {
        "id": 0,
        "name": "Alicia Kline"
      },
      {
        "id": 1,
        "name": "Maritza Rhodes"
      },
      {
        "id": 2,
        "name": "Jeanette Cash"
      }
    ],
    "greeting": "Hello, Guadalupe! You have 6 unread messages.",
    "favoriteFruit": "banana"
  },
  {
    "_id": "54cbfe65eb7aff62ac38ff4e",
    "index": 16,
    "guid": "27af347b-9336-4ebe-934f-6fbf124eac2f",
    "isActive": true,
    "balance": "$3,397.36",
    "picture": "http://placehold.it/32x32",
    "age": 38,
    "eyeColor": "brown",
    "name": {
      "first": "Vasquez",
      "last": "Bryant"
    },
    "company": "SULFAX",
    "email": "vasquez.bryant@sulfax.info",
    "phone": "+1 (836) 402-3035",
    "address": "165 Elliott Place, Snyderville, Wisconsin, 1505",
    "about": "Do velit commodo tempor excepteur ad esse dolor ullamco. Cillum magna fugiat velit ullamco cillum sit do mollit est labore ex voluptate qui. Cillum consectetur amet occaecat veniam officia sint. Cillum occaecat et sit ipsum duis et dolor officia qui ad deserunt minim magna reprehenderit.\r\n",
    "registered": "Wednesday, March 12, 2014 11:48 AM",
    "latitude": -25.005083,
    "longitude": 173.259864,
    "tags": [
      "elit",
      "est",
      "ullamco",
      "adipisicing",
      "adipisicing",
      "dolor",
      "elit"
    ],
    "range": [
      0,
      1,
      2,
      3,
      4,
      5,
      6,
      7,
      8,
      9
    ],
    "friends": [
      {
        "id": 0,
        "name": "Henry Ochoa"
      },
      {
        "id": 1,
        "name": "Audrey Williams"
      },
      {
        "id": 2,
        "name": "Kristine Decker"
      }
    ],
    "greeting": "Hello, Vasquez! You have 9 unread messages.",
    "favoriteFruit": "apple"
  },
  {
    "_id": "54cbfe65f1b01574da72d9ad",
    "index": 17,
    "guid": "0752be3e-1305-4282-9128-2f2d9b8fb4df",
    "isActive": false,
    "balance": "$2,857.99",
    "picture": "http://placehold.it/32x32",
    "age": 37,
    "eyeColor": "green",
    "name": {
      "first": "Mendez",
      "last": "Michael"
    },
    "company": "HOUSEDOWN",
    "email": "mendez.michael@housedown.ca",
    "phone": "+1 (927) 403-2847",
    "address": "955 Bay Avenue, Smock, Maryland, 2625",
    "about": "Est excepteur voluptate velit commodo incididunt ipsum excepteur sit cupidatat. Lorem ullamco voluptate consequat eiusmod amet. Enim Lorem sit elit officia nulla dolor. Deserunt est dolor laboris minim irure tempor cillum eu cupidatat. Nulla officia anim eu nisi Lorem adipisicing aliqua commodo laborum anim sunt amet. Sit labore commodo incididunt labore sit adipisicing quis proident cillum est.\r\n",
    "registered": "Thursday, June 12, 2014 12:52 PM",
    "latitude": -37.013233,
    "longitude": -19.214142,
    "tags": [
      "adipisicing",
      "magna",
      "cillum",
      "elit",
      "ad",
      "nulla",
      "commodo"
    ],
    "range": [
      0,
      1,
      2,
      3,
      4,
      5,
      6,
      7,
      8,
      9
    ],
    "friends": [
      {
        "id": 0,
        "name": "Billie Hale"
      },
      {
        "id": 1,
        "name": "Drake Chen"
      },
      {
        "id": 2,
        "name": "Rosemary Cox"
      }
    ],
    "greeting": "Hello, Mendez! You have 6 unread messages.",
    "favoriteFruit": "strawberry"
  },
  {
    "_id": "54cbfe65d7e0335fe54679b4",
    "index": 18,
    "guid": "7030880c-852e-4ad7-be30-67920cade01d",
    "isActive": true,
    "balance": "$1,611.42",
    "picture": "http://placehold.it/32x32",
    "age": 36,
    "eyeColor": "brown",
    "name": {
      "first": "Rosario",
      "last": "Kim"
    },
    "company": "PARLEYNET",
    "email": "rosario.kim@parleynet.co.uk",
    "phone": "+1 (953) 525-2426",
    "address": "223 Fanchon Place, Chesterfield, Colorado, 4420",
    "about": "Voluptate ut magna id non commodo proident incididunt velit fugiat consectetur occaecat aliquip. Proident magna ipsum sint occaecat reprehenderit cupidatat. In pariatur aute pariatur duis aliquip minim fugiat non cillum sunt amet culpa amet id.\r\n",
    "registered": "Wednesday, October 1, 2014 3:12 AM",
    "latitude": -43.417517,
    "longitude": 165.226852,
    "tags": [
      "eiusmod",
      "cupidatat",
      "amet",
      "ut",
      "quis",
      "sint",
      "veniam"
    ],
    "range": [
      0,
      1,
      2,
      3,
      4,
      5,
      6,
      7,
      8,
      9
    ],
    "friends": [
      {
        "id": 0,
        "name": "Banks King"
      },
      {
        "id": 1,
        "name": "Kathy Pickett"
      },
      {
        "id": 2,
        "name": "Mooney Bass"
      }
    ],
    "greeting": "Hello, Rosario! You have 6 unread messages.",
    "favoriteFruit": "banana"
  },
  {
    "_id": "54cbfe65688a26c935e02c86",
    "index": 19,
    "guid": "1e8744fb-6c0d-4736-89cd-d4109b293273",
    "isActive": false,
    "balance": "$3,931.29",
    "picture": "http://placehold.it/32x32",
    "age": 40,
    "eyeColor": "green",
    "name": {
      "first": "Whitfield",
      "last": "Moss"
    },
    "company": "INRT",
    "email": "whitfield.moss@inrt.io",
    "phone": "+1 (923) 424-2588",
    "address": "808 Prince Street, Veyo, North Carolina, 8561",
    "about": "Culpa fugiat dolore occaecat sit culpa adipisicing consectetur dolore ad velit esse do enim laborum. Et voluptate occaecat sint anim consequat anim. Quis commodo anim aute laboris fugiat aute aute proident aute excepteur velit.\r\n",
    "registered": "Monday, April 7, 2014 3:00 PM",
    "latitude": -23.285649,
    "longitude": 116.006884,
    "tags": [
      "voluptate",
      "pariatur",
      "commodo",
      "ex",
      "mollit",
      "exercitation",
      "aliquip"
    ],
    "range": [
      0,
      1,
      2,
      3,
      4,
      5,
      6,
      7,
      8,
      9
    ],
    "friends": [
      {
        "id": 0,
        "name": "Alvarado Sims"
      },
      {
        "id": 1,
        "name": "Thelma Holcomb"
      },
      {
        "id": 2,
        "name": "Thornton Boyle"
      }
    ],
    "greeting": "Hello, Whitfield! You have 8 unread messages.",
    "favoriteFruit": "strawberry"
  },
  {
    "_id": "54cbfe65207f9a84c95d60db",
    "index": 20,
    "guid": "a6f57cc6-41a0-4f92-a717-1353f2e3556c",
    "isActive": false,
    "balance": "$1,673.93",
    "picture": "http://placehold.it/32x32",
    "age": 21,
    "eyeColor": "brown",
    "name": {
      "first": "Roberts",
      "last": "Hodges"
    },
    "company": "NETPLODE",
    "email": "roberts.hodges@netplode.org",
    "phone": "+1 (990) 445-3460",
    "address": "257 Newkirk Avenue, Duryea, Minnesota, 9728",
    "about": "Mollit sunt laboris cillum incididunt incididunt mollit cillum commodo consectetur occaecat commodo velit. Esse excepteur cupidatat ipsum et deserunt eu ea enim veniam commodo eiusmod. Est ad exercitation incididunt culpa aute amet proident.\r\n",
    "registered": "Friday, March 21, 2014 10:23 PM",
    "latitude": -5.12277,
    "longitude": -122.206112,
    "tags": [
      "id",
      "enim",
      "laboris",
      "adipisicing",
      "do",
      "anim",
      "duis"
    ],
    "range": [
      0,
      1,
      2,
      3,
      4,
      5,
      6,
      7,
      8,
      9
    ],
    "friends": [
      {
        "id": 0,
        "name": "Morse Jenkins"
      },
      {
        "id": 1,
        "name": "Lorraine Hancock"
      },
      {
        "id": 2,
        "name": "Mcneil Harper"
      }
    ],
    "greeting": "Hello, Roberts! You have 10 unread messages.",
    "favoriteFruit": "strawberry"
  },
  {
    "_id": "54cbfe65c0713d43c1f98f9d",
    "index": 21,
    "guid": "fc8a31d8-137c-4869-aff8-74dc67f00da9",
    "isActive": false,
    "balance": "$2,945.49",
    "picture": "http://placehold.it/32x32",
    "age": 20,
    "eyeColor": "green",
    "name": {
      "first": "Krista",
      "last": "Talley"
    },
    "company": "COLAIRE",
    "email": "krista.talley@colaire.us",
    "phone": "+1 (988) 439-3757",
    "address": "466 Fleet Street, Itmann, Oklahoma, 2455",
    "about": "Excepteur aliquip mollit laborum elit duis aliqua nisi voluptate duis dolore ea laborum adipisicing laboris. Ad exercitation dolor sint consectetur pariatur ut laborum duis sint Lorem occaecat dolor est. Ea adipisicing excepteur laborum do pariatur sit aliqua ipsum exercitation cillum id. Eu adipisicing laborum laboris ad sunt fugiat proident sunt qui non ad aliqua consequat culpa. Ea eiusmod velit pariatur aliquip velit cillum commodo esse quis. Est consequat cillum pariatur esse aliquip eiusmod laboris. Magna tempor labore deserunt ad amet voluptate qui magna est id ut.\r\n",
    "registered": "Monday, August 4, 2014 6:40 AM",
    "latitude": -18.422172,
    "longitude": -152.730809,
    "tags": [
      "esse",
      "proident",
      "ea",
      "enim",
      "anim",
      "excepteur",
      "est"
    ],
    "range": [
      0,
      1,
      2,
      3,
      4,
      5,
      6,
      7,
      8,
      9
    ],
    "friends": [
      {
        "id": 0,
        "name": "Harmon Travis"
      },
      {
        "id": 1,
        "name": "Helen Richard"
      },
      {
        "id": 2,
        "name": "Kent Bolton"
      }
    ],
    "greeting": "Hello, Krista! You have 7 unread messages.",
    "favoriteFruit": "banana"
  },
  {
    "_id": "54cbfe65bcdcff6f194bc95f",
    "index": 22,
    "guid": "41e79573-2df3-4441-a05c-e0920aa9f7e4",
    "isActive": false,
    "balance": "$1,680.76",
    "picture": "http://placehold.it/32x32",
    "age": 29,
    "eyeColor": "green",
    "name": {
      "first": "Downs",
      "last": "Gregory"
    },
    "company": "BLUPLANET",
    "email": "downs.gregory@bluplanet.me",
    "phone": "+1 (817) 507-3743",
    "address": "480 Junius Street, Caledonia, New Hampshire, 3480",
    "about": "Lorem est excepteur incididunt eiusmod cillum in deserunt aute duis dolore labore sunt. Cillum eu enim enim voluptate nulla exercitation dolor velit aliqua tempor irure. Dolor veniam reprehenderit aliqua minim. Est fugiat voluptate ut occaecat non. Aliquip velit deserunt ad do ex nulla incididunt cupidatat consectetur et.\r\n",
    "registered": "Friday, March 14, 2014 11:22 AM",
    "latitude": -83.134588,
    "longitude": -131.426163,
    "tags": [
      "do",
      "cillum",
      "cillum",
      "irure",
      "elit",
      "sunt",
      "qui"
    ],
    "range": [
      0,
      1,
      2,
      3,
      4,
      5,
      6,
      7,
      8,
      9
    ],
    "friends": [
      {
        "id": 0,
        "name": "Harper Crosby"
      },
      {
        "id": 1,
        "name": "Merritt Frank"
      },
      {
        "id": 2,
        "name": "Mcbride Stephens"
      }
    ],
    "greeting": "Hello, Downs! You have 6 unread messages.",
    "favoriteFruit": "strawberry"
  },
  {
    "_id": "54cbfe654be472bc3ba2089e",
    "index": 23,
    "guid": "597f1cfc-8257-4107-9e95-7905e76667b3",
    "isActive": false,
    "balance": "$1,676.80",
    "picture": "http://placehold.it/32x32",
    "age": 22,
    "eyeColor": "green",
    "name": {
      "first": "Chandler",
      "last": "Carney"
    },
    "company": "KOFFEE",
    "email": "chandler.carney@koffee.name",
    "phone": "+1 (817) 572-2909",
    "address": "366 Rockaway Parkway, Rivers, Arkansas, 4086",
    "about": "Eu veniam in excepteur voluptate ex excepteur occaecat pariatur. Aute esse nisi officia esse velit excepteur do sit laboris consequat exercitation nostrud. Excepteur consequat consequat velit do quis do.\r\n",
    "registered": "Friday, January 16, 2015 2:08 PM",
    "latitude": 64.020133,
    "longitude": -126.700321,
    "tags": [
      "enim",
      "amet",
      "amet",
      "culpa",
      "deserunt",
      "laborum",
      "ullamco"
    ],
    "range": [
      0,
      1,
      2,
      3,
      4,
      5,
      6,
      7,
      8,
      9
    ],
    "friends": [
      {
        "id": 0,
        "name": "Meredith Levy"
      },
      {
        "id": 1,
        "name": "Dejesus Morton"
      },
      {
        "id": 2,
        "name": "Dixon Cole"
      }
    ],
    "greeting": "Hello, Chandler! You have 8 unread messages.",
    "favoriteFruit": "banana"
  },
  {
    "_id": "54cbfe655dddf9890e9350ca",
    "index": 24,
    "guid": "a587d347-096a-4c19-a508-a40c886de0a3",
    "isActive": false,
    "balance": "$2,036.19",
    "picture": "http://placehold.it/32x32",
    "age": 22,
    "eyeColor": "brown",
    "name": {
      "first": "Morris",
      "last": "Klein"
    },
    "company": "COMSTRUCT",
    "email": "morris.klein@comstruct.tv",
    "phone": "+1 (889) 454-3137",
    "address": "642 Crown Street, Finderne, Guam, 4422",
    "about": "Culpa minim velit incididunt eu ad ex fugiat ad eiusmod do ea. Irure qui minim cillum labore laborum velit veniam nulla enim et. Nulla adipisicing quis aliquip aliquip qui minim. Nostrud veniam veniam elit non sint Lorem velit id ad elit cupidatat minim adipisicing sit. Sint magna ipsum irure elit. Mollit consequat amet ut dolore mollit duis officia dolore cupidatat ipsum. Anim excepteur fugiat sunt ipsum ea commodo elit ea sunt nisi.\r\n",
    "registered": "Monday, August 4, 2014 9:25 AM",
    "latitude": -15.846197,
    "longitude": -18.336015,
    "tags": [
      "qui",
      "dolore",
      "ad",
      "magna",
      "commodo",
      "dolore",
      "consequat"
    ],
    "range": [
      0,
      1,
      2,
      3,
      4,
      5,
      6,
      7,
      8,
      9
    ],
    "friends": [
      {
        "id": 0,
        "name": "Baker Roberson"
      },
      {
        "id": 1,
        "name": "Aline Cannon"
      },
      {
        "id": 2,
        "name": "Lou Everett"
      }
    ],
    "greeting": "Hello, Morris! You have 7 unread messages.",
    "favoriteFruit": "strawberry"
  },
  {
    "_id": "54cbfe65a60f807119964a8d",
    "index": 25,
    "guid": "b79caa8f-2584-4425-a2be-1118d98c2c32",
    "isActive": false,
    "balance": "$1,050.66",
    "picture": "http://placehold.it/32x32",
    "age": 36,
    "eyeColor": "brown",
    "name": {
      "first": "Park",
      "last": "Browning"
    },
    "company": "OVERPLEX",
    "email": "park.browning@overplex.biz",
    "phone": "+1 (899) 557-3533",
    "address": "394 George Street, Martinsville, Indiana, 4194",
    "about": "Irure adipisicing consectetur aute nostrud do. Eu Lorem nisi tempor tempor non cillum veniam cillum consequat elit elit. Aliquip in Lorem adipisicing nulla esse incididunt cillum et proident. Commodo proident aliquip duis sit incididunt eiusmod laborum ea enim irure sint magna sunt. Dolore qui cupidatat duis ut mollit cupidatat nulla ex proident enim mollit duis.\r\n",
    "registered": "Tuesday, February 4, 2014 8:19 AM",
    "latitude": 57.349001,
    "longitude": -133.785462,
    "tags": [
      "cupidatat",
      "cupidatat",
      "in",
      "amet",
      "amet",
      "mollit",
      "consectetur"
    ],
    "range": [
      0,
      1,
      2,
      3,
      4,
      5,
      6,
      7,
      8,
      9
    ],
    "friends": [
      {
        "id": 0,
        "name": "Verna Lee"
      },
      {
        "id": 1,
        "name": "Carmen Osborne"
      },
      {
        "id": 2,
        "name": "Sandy Reed"
      }
    ],
    "greeting": "Hello, Park! You have 8 unread messages.",
    "favoriteFruit": "apple"
  },
  {
    "_id": "54cbfe65c54abe0dc23a2e25",
    "index": 26,
    "guid": "033457fc-e8dd-49b4-ac2b-9098c6a673d9",
    "isActive": false,
    "balance": "$3,355.62",
    "picture": "http://placehold.it/32x32",
    "age": 24,
    "eyeColor": "blue",
    "name": {
      "first": "Snider",
      "last": "Wilkinson"
    },
    "company": "COMFIRM",
    "email": "snider.wilkinson@comfirm.net",
    "phone": "+1 (834) 553-3217",
    "address": "494 Belvidere Street, Tyro, Northern Mariana Islands, 7222",
    "about": "Sint qui cillum eiusmod ea eiusmod aliquip excepteur non excepteur reprehenderit sit. Adipisicing ex Lorem in do cupidatat commodo aliqua ex dolore officia reprehenderit deserunt. Pariatur id voluptate proident aliquip aliqua aute dolore tempor nisi mollit fugiat est duis ipsum. Culpa consectetur deserunt consequat nostrud. Aliqua sunt eu irure nostrud et sint excepteur nostrud consectetur in. Enim laborum reprehenderit duis sint mollit. Magna commodo voluptate minim ex esse nisi cillum ipsum.\r\n",
    "registered": "Wednesday, September 3, 2014 10:12 PM",
    "latitude": -33.657269,
    "longitude": 36.323409,
    "tags": [
      "non",
      "laborum",
      "reprehenderit",
      "reprehenderit",
      "laborum",
      "commodo",
      "et"
    ],
    "range": [
      0,
      1,
      2,
      3,
      4,
      5,
      6,
      7,
      8,
      9
    ],
    "friends": [
      {
        "id": 0,
        "name": "Santiago Deleon"
      },
      {
        "id": 1,
        "name": "Stephanie Barnes"
      },
      {
        "id": 2,
        "name": "Eve Castaneda"
      }
    ],
    "greeting": "Hello, Snider! You have 10 unread messages.",
    "favoriteFruit": "banana"
  }
]
